Plugin,Menu,Section,Type,English,Japanese
RSR,Target,Configuration,,Target Fate priority,FATE対象を優先
RSR,Basic,Timer,,Clicking actions random delay range.,アクション実行時のランダム遅延範囲
RSR,Basic,Timer,,How soon before countdown is finished to start casting or attacking.,カウントダウン終了の何秒前から詠唱・攻撃を開始するか
RSR,Basic,Timer,,The minimum time between updating RSR information. (Raising this will help with framerate issues but can cause issues with rotation performance),RSR情報を更新する最小間隔（長くすると負荷は下がりますが、ローテーション性能に影響する場合があります）
RSR,DNC,Configuration,,Description,説明
RSR,DNC,Configuration,,Status,状態
RSR,DNC,Configuration,,"Holds Tech Step if no targets in range (Warning, will drift)",範囲内に対象がいない場合はテクニカルステップを温存（使用タイミングがずれる場合があります）
RSR,DNC,Configuration,,"Holds Standard Step if no targets in range (Warning, will drift & Buff may fall off)",範囲内に対象がいない場合はスタンダードステップを温存（使用タイミングがずれ、バフが切れる場合があります）
RSR,DNC,Configuration,,Dance Partner Name (If empty or not found uses default dance partner priority),ダンスパートナー名（空欄または見つからない場合は既定の優先順位を使用）
RSR,DNC,Configuration,,Dance Partner Priority,ダンスパートナー優先順位
RSR,DNC,Configuration,,Reset to Default,初期設定に戻す
RSR,Target,Configuration,,Hard Target for all actions,すべてのアクションで現在のターゲットを使用
RSR,Target,Configuration,,Ignore target dummies,木人を無視
RSR,Target,Configuration,,Treat target dummy as a boss.,木人をボスとして扱う
RSR,Target,Configuration,,Engage settings,交戦設定
RSR,Target,Configuration,,Target Hunt/Relic/Leve priority. (Relic behavior bugged),モブハント／レリック／リーヴ対象を優先（レリック動作に不具合あり）
RSR,Target,Configuration,,Target quest priority (Overrides engage setting).,クエスト対象を優先（交戦設定より優先）
RSR,Target,Configuration,,Block targeting quest mobs belonging to other players.,他プレイヤーのクエスト対象をターゲットしない
RSR,Target,Configuration,,Ignore all other FATE target when Forlorn available.,フォーローン出現中は他のFATE対象を無視
RSR,Main,State Macros,,Cycles between states following settings in Target > Configuration.,Target > Configuration の設定に従って状態を切り替える
RSR,Target,Configuration,,Prioritize mob/object targets with attack markers,攻撃マーカー付きの敵／オブジェクトを優先
RSR,Target,Configuration,,Prioritize enemy parts,敵の部位を優先
RSR,Target,Configuration,,Never attack targets with stop markers.,停止マーカー付きの対象は攻撃しない
RSR,Target,Configuration,,Treat 1hp targets as invincible.,HP1の対象を無敵として扱う
RSR,Target,Configuration,,Ignore Non-Fate targets while in a Fate and Fate targets if not in Fate.,FATE中はFATE外の敵を無視し、FATE外ではFATE対象を無視
RSR,Target,Configuration,,Delay autotarget.,自動ターゲットを遅延
RSR,Target,Configuration,,Prioritize Low HP targets instead of High HP targets when using Small Target and multiple Small targets present.,Small Targetで候補が複数いる場合、HPが低い対象を優先
RSR,Target,Configuration,,Prioritize Low HP targets instead of High HP targets when using Big Target and multiple Big targets present.,Big Targetで候補が複数いる場合、HPが低い対象を優先
RSR,Target,Configuration,,Set target to closest targetable enemy if no valid action target nearby and target not set while in combat (This works in Manual mode as well),戦闘中に有効な行動対象が近くになく未ターゲットなら、最も近い攻撃可能な敵を選択（Manualでも有効）
RSR,Target,Configuration,,Only attack targets in view.,視界内の対象だけ攻撃
RSR,Target,Configuration,,Only attack targets in vision cone,視野角内の対象だけ攻撃
RSR,Target,Configuration,,Move to the furthest position for targeting area movement actions.,範囲移動アクションでは最も遠い位置へ移動
RSR,Target,Configuration,,The size of the sector angle that can be selected as the moveable target,移動対象として選択できる扇形の角度
RSR,Target,Configuration,,Use movement actions towards the object/mob in the center of the screen,画面中央のオブジェクト／敵へ向かう移動アクションを使用
RSR,Target,Configuration,,"If target's TTK is higher than this, regard it as boss.",対象のTTKがこの値より長ければボスとして扱う
RSR,Target,Configuration,,"If target's TTK is lower than this, regard it as dying.",対象のTTKがこの値より短ければ瀕死として扱う
RSR,Target,Configuration,,"If target's HP percentage is lower than this, regard it as dying.",対象のHP割合がこの値より低ければ瀕死として扱う
RSR,Target,Hostile,,"Enemy targeting logic. Adding more options cycles them when using /rotation Auto.Use /rotation Settings TargetingTypes add <option> to add,/rotation Settings TargetingTypes remove <option> to remove,and /rotation Settings TargetingTypes removeall to remove all options.",敵のターゲット選択方式。複数登録すると /rotation Auto 使用時に順番に切り替わる。追加: /rotation Settings TargetingTypes add <option>削除: /rotation Settings TargetingTypes remove <option>全削除: /rotation Settings TargetingTypes removeall
RSR,Basic,,,Configure basic settings.,基本設定
RSR,Auto,Action Usage and Control,,Configure general action usage and control settings.,アクション使用と操作の一般設定
RSR,Extra,,,Configure optional helpful features.,補助機能の設定
RSR,List,,,Configure reactive actions and status effect lists.,反応アクションとステータス効果リストの設定
RSR,Target,,,Configure targeting settings.,ターゲット設定
RSR,UI,,,Configure user interface settings.,UI設定
RSR,Actions,,,Configure abilities and custom conditions for your current job.,現在のジョブのアビリティとカスタム条件を設定
RSR,DNC,,,Rotation specific configs.,ローテーション固有設定
RSR,Auto,Action Usage and Control,,Which actions RSR can use,RSRが使用できるアクション
RSR,Auto,Action Usage and Control,,What kind of AoE moves to use.,使用する範囲攻撃の種類
RSR,Basic,Timer,,Action Ahead (Percent of your GCD time remaining on a GCD cycle before RSR will try to queue the next GCD),先行入力（次のGCDを予約し始める残りGCD時間の割合）
RSR,Auto,Action Usage and Control,,Intercepted action execution window (amount of time RSR is allowed to attempt to use an action after it has been intercepted),割り込みアクション実行猶予（割り込み後にRSRが実行を試みる時間）
RSR,Auto,Action Usage and Control,,Melee Ranged action usage offset,近接ジョブの遠隔攻撃使用距離補正
RSR,Auto,Action Usage and Control,,Allow rotations that use this config to use abilities defined in the rotation as burst,この設定を使うローテーションで、Burst指定アビリティの使用を許可
RSR,Auto,Action Usage and Control,,Only used automatically if coded into the rotation,ローテーション側で指定されている場合のみ自動使用
RSR,Auto,Action Usage and Control,,"Automatically use Anti-Knockback role actions (Arms Length, Surecast)",ノックバック無効化ロールアクション（アームズレングス／堅実魔）を自動使用
RSR,Auto,Action Usage and Control,,Use interrupt abilities if possible.,可能なら詠唱中断アクションを使用
RSR,Auto,Action Usage and Control,,Use damaging gap closer abilites if the distance to your target is less than this.,対象との距離がこの値未満なら、ダメージ付き接近アビリティを使用
RSR,Auto,Action Usage and Control,,Provoke anything not on the no provoke list.,挑発禁止リスト以外の対象を挑発
RSR,Auto,Action Usage and Control,,Don't attack new mobs by AoE.,範囲攻撃で未交戦の敵を巻き込まない
RSR,Auto,Action Usage and Control,,Ignore status application against mobs that are status capped.,ステータス付与上限の敵にはステータス付与を行わない
RSR,DNC,Configuration,,Prevent the use of defense abilties during burst,Burst中は防御アビリティを使用しない
RSR,Auto,Action Usage and Control,,Change how RSR automatically uses actions,RSRの自動アクション使用方法を変更
RSR,Basic,Others,,Make /rotation Auto a toggle command. (Normal behavior cycles between targeting settings),/rotation Auto をON/OFF切替コマンドにする（通常はターゲット設定を順番に切替）
RSR,Basic,Others,,Make /rotation Manual a toggle command.,/rotation Manual をON/OFF切替コマンドにする
RSR,Main,State Macros,,"Start the addon in Auto mode. When out of combat or when combat starts, switches the target according to the set condition.  Optionally: You can add the target type to the end of the command you want RSR to do. For example: /rotation Auto Big",Autoモードで開始。非戦闘時または戦闘開始時に設定条件でターゲットを切り替える。必要ならコマンド末尾にターゲット種類を指定可能。例: /rotation Auto Big
RSR,Main,State Macros,,Start the addon in Manual mode. You need to choose the target manually. This will bypass any engage settings that you have set up and will start attacking immediately once something is targeted.,Manualモードで開始。ターゲットは手動選択。交戦設定を無視し、対象を選ぶとすぐ攻撃を開始する。
RSR,Main,State Macros,,Start in Target-Only mode. RSR will auto-select targets per normal logic but will not perform any actions.,Target-Onlyモードで開始。通常ロジックで自動ターゲットするが、アクションは実行しない。
RSR,Main,State Macros,,Stop the addon. Always remember to turn it off when it is not in use!,RSRを停止。使用しない時は必ずOFFにする。
RSR,Main,State Macros,,Do the next action.,次のアクションを実行
RSR,Main,State Macros,,Open a window to burst.,Burst用の一時ウィンドウを開く
RSR,Main,State Macros,,Open a window to do not use the casting action.,詠唱アクションを使わない一時ウィンドウを開く
RSR,Main,State Macros,,Open a window to move back.,後退用の一時ウィンドウを開く
RSR,Main,State Macros,,Open a window to move forward.,前進用の一時ウィンドウを開く
RSR,Main,State Macros,,Open a window to speed up.,加速用の一時ウィンドウを開く
RSR,Main,State Macros,,Open a window to use AoE defense.,範囲防御用の一時ウィンドウを開く
RSR,Main,State Macros,,Open a window to use AoE heal.,範囲回復用の一時ウィンドウを開く
RSR,Main,State Macros,,"Open a window to use Esuna, tank stance actions or True North.",エスナ／タンクスタンス／トゥルーノース用の一時ウィンドウを開く
RSR,Main,State Macros,,Open a window to use knockback immunity actions.,ノックバック無効化用の一時ウィンドウを開く
RSR,Main,State Macros,,Open a window to use Raise or Shirk.,蘇生／シャーク用の一時ウィンドウを開く
RSR,Main,State Macros,,Open a window to use single defense.,単体防御用の一時ウィンドウを開く
RSR,Main,State Macros,,Open a window to use single heal.,単体回復用の一時ウィンドウを開く
RSR,Main,State Macros,,To end this special duration before the set time.,設定時間より前に特殊状態を終了
RSR,Basic,Timer,,The duration of special windows opened by /rotation commands by default.,/rotation コマンドで開く特殊ウィンドウの既定継続時間
RSR,Auto,Healing Usage and Control,,How RSR should use healing abilities,RSRの回復アビリティ使用方法
RSR,Auto,Healing Usage and Control,,Heal and raise Party NPCs.,PT NPCを回復・蘇生
RSR,Auto,Healing Usage and Control,,Heal solo instance NPCs (Only enable as needed),ソロコンテンツのNPCを回復（必要時のみ有効化）
RSR,Auto,Healing Usage and Control,,Heal party members when not in combat.,非戦闘時もPTメンバーを回復
RSR,Auto,Healing Usage and Control,,Heal self first if your HP is lower than this.,自分のHPがこの値未満なら自分を優先して回復
RSR,Auto,Healing Usage and Control,,Heal healer first if their HP is lower than this.,ヒーラーのHPがこの値未満ならヒーラーを優先して回復
RSR,Auto,Healing Usage and Control,,Heal tank first if their HP is lower than this.,タンクのHPがこの値未満ならタンクを優先して回復
RSR,Auto,Healing Usage and Control,,Only heal self when not a Healer,ヒーラー以外では自分だけ回復
RSR,Auto,Healing Usage and Control,,Only use healing abilities as a non-healer if there are no living healers in the party.,非ヒーラー時、PTに生存ヒーラーがいない場合のみ回復アビリティを使用
RSR,Auto,Healing Usage and Control,,MP threshold under which to use Lucid Dreaming,ルーシッドドリームを使用するMPしきい値
RSR,Auto,Healing Usage and Control,,Hard cast Raise logic,迅速魔なし蘇生の設定
RSR,Auto,Healing Usage and Control,,How early before next GCD should RSR use swiftcast for raise,次のGCDよりどれだけ早く蘇生用迅速魔を使うか
RSR,Auto,Healing Usage and Control,,Never raise player if MP is less than this,MPがこの値未満なら蘇生しない
RSR,Auto,Healing Usage and Control,,Raise styles,蘇生方式
RSR,Auto,Healing Usage and Control,,Raise player by using Swiftcast/Dualcast if available,使用可能なら迅速魔／連続魔で蘇生
RSR,Auto,Healing Usage and Control,,Prioritize raising dead players over Healing/Defense.,回復／防御より蘇生を優先
RSR,Auto,Healing Usage and Control,,Raise players that have the Brink of Death debuff,衰弱［強］のプレイヤーも蘇生対象にする
RSR,Auto,Healing Usage and Control,,Raise Red Mage and Summoners first if no Tanks or Healers are dead,タンク／ヒーラーに死亡者がいなければ赤魔道士・召喚士を優先して蘇生
RSR,Auto,Healing Usage and Control,,Random delay range for resurrecting players.,蘇生時のランダム遅延範囲
RSR,Auto,Healing Usage and Control,,Random delay range for dispelling statuses.,状態異常解除時のランダム遅延範囲
RSR,Auto,Healing Usage and Control,,Cleanse all dispellable debuffs regardless of healing.,回復設定に関係なく解除可能なデバフをすべて解除
RSR,Duty,,,Duty specific settings.,コンテンツ固有設定
RSR,Extra,Event,,Duty Start: ,コンテンツ開始: 
RSR,Extra,Event,,Duty End: ,コンテンツ終了: 
RSR,AutoDuty,,,Below are plugins used by Autoduty and their current states,AutoDutyが使用するプラグインと現在の状態
RSR,AutoDuty,,,"While the RSR Team has made effort to make RSR compatible with Autoduty, please keep in mind that RSR is not designed with botting in mind.",RSRはAutoDutyとの互換性に配慮されていますが、自動周回用途を前提に設計されたものではありません。
RSR,UI,Information,,Show tooltips,ツールチップを表示
RSR,UI,Information,,Show Original Cooldown,元のクールダウン表示を使用
RSR,UI,Information,,Always Show Cooldowns,クールダウンを常に表示
RSR,UI,Information,,Display do action feedback on toast,アクション実行結果をトースト表示
RSR,UI,Information,,Display plugin status in toast popup,プラグイン状態をトースト表示
RSR,UI,Information,,Enable changelog window popup on update,更新時に変更履歴ウィンドウを表示
RSR,UI,Information,,Show random usage hints at top of configuration window,設定画面上部にランダムな使用ヒントを表示
RSR,UI,Information,,Show toggled setting and new value in chat.,切り替えた設定名と新しい値をチャットに表示
RSR,UI,Information,,Hide all warnings,すべての警告を非表示
RSR,UI,Windows,,Lock Control Window,操作ウィンドウを固定
RSR,UI,Windows,,Only show these windows if there are enemies or in duty,敵がいる時またはコンテンツ中のみこれらのウィンドウを表示
RSR,UI,Windows,,Show Action Context Menu Enable/Disable toggle,アクション右クリックメニューに有効／無効切替を表示
RSR,UI,Windows,,Show Intercepted Action Window,割り込みアクションウィンドウを表示
RSR,Extra,Others,,Enable RSR click counter in main menu,メインメニューにRSRクリック回数を表示
RSR,List,Statuses,,Attacks the target first if it has one of these statuses,これらのステータスがある対象を優先攻撃
RSR,List,Statuses,,Ignores target if it has one of these statuses,これらのステータスがある対象を無視
RSR,List,Statuses,,Do not take action if you have one of these debuffs,自分にこれらのデバフがある間は行動しない
RSR,List,Statuses,,Dispellable debuffs list,解除対象デバフ一覧
RSR,List,Map-specific settings,,Enemies that will never be provoked,挑発しない敵一覧
RSR,List,Map-specific settings,,Enemies that will never be targeted,ターゲットしない敵一覧
RSR,Actions,,,Stop casting or taking actions if the enemy is casting this ability,敵がこのアクションを詠唱中は詠唱・行動を停止
RSR,Actions,,,Use AoE damage mitigation abilities if the target is casting any of these actions,対象がこれらを詠唱中なら範囲軽減を使用
RSR,Actions,,,Use knockback prevention abilities if the target is casting any of these actions,対象がこれらを詠唱中ならノックバック無効化を使用
RSR,Actions,,,Use tank personal damage mitigation abilities if the target is casting any of these actions,対象がこれらを詠唱中ならタンク個人軽減を使用
RSR,Actions,,,Record AOE actions,範囲攻撃を記録
RSR,Actions,,,Record knockback actions,ノックバック攻撃を記録
RSR,,,,BMR Integration Enabled,BMR連携を有効化
RSR,Auto,Action Usage and Control,,Use BMR intergration to verify safety of movement actions/actions that cause movement for automatic usage. (Experimental),自動使用時、移動アクション／移動を伴うアクションの安全性をBMR連携で確認（実験的）
RSR,Auto,Action Usage and Control,,Use BMR intergration to verify safety of movement actions/actions that cause movement for intercepted usage. (Experimental),割り込み使用時、移動アクション／移動を伴うアクションの安全性をBMR連携で確認（実験的）
RSR,Target,Hostile,,Nearest,最も近い敵
RSR,Target,Hostile,,Manual,手動ターゲット
RSR,Target,Hostile,,Highest Max HP,最大HPが最も高い敵
RSR,Target,Hostile,,Previously Engaged,以前に攻撃した敵
RSR,Target,Hostile,,Current Target,現在のターゲット
RSR,Target,Configuration,,Operating Mode,動作モード
RSR,Target,Hostile,,Targeting Type,ターゲット選択方式
RSR,Target,Configuration,,Configuration,設定
RSR,Target,Hostile,,Hostile,敵対対象
RSR,Target,Hostile,,Friendly,友好的対象
RSR,Auto,,,Auto,自動
RSR,Main,State Macros,,TargetOnly,ターゲットのみ
RSR,Main,,,Main,メイン
RSR,Actions,,,Actions,アクション
RSR,List,,,List,リスト
RSR,Basic,,,Basic,基本
RSR,UI,,,UI,UI
RSR,Target,,,Target,ターゲット
RSR,Duty,,,Duty,コンテンツ
RSR,Extra,,,Extra,その他
RSR,Debug,,,Debug,デバッグ
RSR,Target,Hostile,,Big,大型対象
RSR,Target,Hostile,,Small,小型対象
RSR,Target,Hostile,,HighHP,現在HPが高い敵
RSR,Target,Hostile,,LowHP,現在HPが低い敵
RSR,Target,Hostile,,HighHPPercent,HP割合が高い敵
RSR,Target,Hostile,,LowHPPercent,HP割合が低い敵
RSR,Target,Hostile,,HighMaxHP,最大HPが高い敵
RSR,Target,Hostile,,LowMaxHP,最大HPが低い敵
RSR,Target,Hostile,,Farthest,最も遠い敵
RSR,Target,Hostile,,PvPHealers,PvP：ヒーラー優先
RSR,Target,Hostile,,PvPTanks,PvP：タンク優先
RSR,Target,Hostile,,PvPDPS,PvP：DPS優先
RSR,Main,Action and Setting Macros,,Action and Setting Macros,アクション・設定マクロ
RSR,Main,Compatibility,,Compatibility,互換性
RSR,Main,Compatibility,,Disable Wrath Combo,Wrath Comboを無効化
RSR,Actions,,,GCD-Attack,GCD攻撃
RSR,Actions,,,GCD-Friendly,GCD支援
RSR,Actions,,,oGCD-Attack,oGCD攻撃
RSR,Actions,,,oGCD-Friendly,oGCD支援
RSR,Actions,,,Item,アイテム
RSR,Main,Links,,Links,リンク
RSR,Main,Many thanks to Ko-fi sponsors.,,Many thanks to Ko-fi sponsors.,Ko-fiスポンサーの皆様に感謝
RSR,Main,Links,,Open First Start Tutorial,初回チュートリアルを開く
RSR,Actions,,,Role Action,ロールアクション
RSR,Main,State Macros,,State Macros,状態マクロ
RSR,Actions,,,System Action,システムアクション
RSR,Main,,,Analyzes PvE combat information in every frame and finds the best action.,毎フレームPvE戦闘情報を解析し、最適なアクションを選択します。
RSR,Main,Compatibility,,Click to view plugin compatibility information. Right-click to dismiss warning.,プラグインの互換性情報を表示します。右クリックで警告を閉じます。
RSR,Actions,,,"Used to customize when RSR uses specific actions automatically. Click on an action's icon in the left list. Below, you may set the conditions for when that specific action is used. Each action can have different conditions to override the default rotation behavior.",RSRが特定のアクションを自動使用する条件を設定します。左の一覧からアクションのアイコンを選び、そのアクション専用の使用条件を設定できます。設定した条件は通常のローテーション動作より優先されます。
RSR,Main,Links,,"This includes almost all information available in one combat frame, including the status of all party members, hostile target statuses, skill cooldowns, MP and HP of characters, character locations, hostile target casting status, combo state, combat duration, player level, etc.It will then highlight the best action on the hotbar, or help you click it.",1フレーム内で取得できる戦闘情報（PTメンバーの状態、敵のステータス、スキルのリキャスト、HP／MP、位置、敵の詠唱、コンボ状態、戦闘時間、レベルなど）を解析します。その結果から最適なアクションをホットバー上で強調表示し、必要に応じて実行を補助します。
RSR,Main,Links,,"This is designed for GENERAL COMBAT, not for Savage or Ultimate content. Use it carefully! While not designed specifically for Savage or Ultimate content RSR works fine in them, but it will not solve mechanics for you. Pay attention and use macros.",これは一般戦闘向けに設計されており、零式・絶専用ではありません。零式や絶でも動作しますが、ギミックを自動攻略するものではありません。状況を確認し、必要に応じてマクロを使用してください。
RSR,DNC,Configuration,, Defense Area Ability, 範囲防御アビリティ
RSR,DNC,Configuration,, Heal Area Ability, 範囲回復アビリティ
RSR,DNC,Configuration,, Move Forward Ability, 前進アビリティ
RSR,DNC,Configuration,, Speed Ability, 移動速度アビリティ
RSR,Target,Configuration,,/rotation Cycle behaviour,/rotation Cycle の動作
RSR,Auto,Action Usage and Control,,Action Usage and Control,アクション使用・制御
RSR,Actions,,,Add Action,アクションを追加
RSR,List,Map-specific settings,,Add beneficial AoE location,有利な範囲効果位置を追加
RSR,Extra,Event,,Add Events,イベントを追加
RSR,AutoDuty,,,Add Plugin,プラグインを追加
RSR,AutoDuty,,,Add Repo,リポジトリを追加
RSR,Duty,Alliance Raid,,Alliance Raid,アライアンスレイド
RSR,Duty,PvP,,Allow Sprint when no target is set even if youre in range of hostiles (Experimental).,敵の近くでもターゲット未選択時はスプリントを許可（実験的）
RSR,AutoDuty,,,AntiAfkKick is not enabled,AntiAfkKick は無効です
RSR,Auto,Auto Switch,,Auto Switch,自動切替
RSR,Auto,Auto Switch,,Auto turn off when dead in PvE.,PvEで死亡したら自動OFF
RSR,Auto,Auto Switch,,Auto turn off when dead in PvP.,PvPで死亡したら自動OFF
RSR,Auto,Auto Switch,,Auto turn off when duty is completed.,コンテンツ完了時に自動OFF
RSR,Auto,Auto Switch,,Auto turn off when PvP match ends.,PvP終了時に自動OFF
RSR,Auto,Auto Switch,,Auto turn off when switching jobs,ジョブ変更時に自動OFF
RSR,Auto,Auto Switch,,Auto turn on when PvP match starts.,PvP開始時に自動ON
RSR,AutoDuty,,,AutoDuty is installed and enabled,AutoDuty は導入済み・有効
RSR,AutoDuty,,,AutoRetainer is installed and enabled,AutoRetainer は導入済み・有効
RSR,AutoDuty,,,Avarice is not enabled,Avarice は無効です
RSR,Extra,Internal,,Backup Configs,設定をバックアップ
RSR,AutoDuty,,,Boss Mod is installed and enabled. Both Boss Mods cannot be installed and enabled at the same time. Please disable Boss Mod.,Boss Mod が導入済み・有効です。Boss Mod と BossMod Reborn は同時に有効化できません。Boss Mod を無効にしてください。
RSR,AutoDuty,,,BossModReborn is installed and enabled,BossMod Reborn は導入済み・有効
RSR,Auto,Auto Switch,,Cancel auto mode if combat starts early during countdown,カウントダウン中に早く戦闘が始まったらAutoモードを解除
RSR,Duty,PvP,,Cancel cast in PvP if the target gains Guard and the action does not ignore Guard.,PvPで対象が防御を使用し、その防御を無視できないアクションなら詠唱を中止
RSR,Duty,Chaotic Alliance Raid,,Chaotic Alliance Raid,滅アライアンスレイド
RSR,Debug,,,Clear Trace,トレースをクリア
RSR,Extra,Internal,,Configs/Backups location: ,設定／バックアップ保存先: 
RSR,AutoDuty,,,Configure AutoDuty settings and view related information.,AutoDuty設定と関連情報を表示
RSR,Actions,,,Copy to Clipboard,クリップボードへコピー
RSR,Duty,Ultimate,,Dancing Mad (Ultimate) - Hero/Villain logic.,Dancing Mad（絶）- Hero/Villain 判定ロジック
RSR,Debug,,,Debug Mode,デバッグモード
RSR,Debug,,,Debug options for developers and rotation writers (disable when not in use).,開発者・ローテーション作成者向けデバッグ設定（通常は無効推奨）
RSR,Duty,Deep Dungeon,,Deep Dungeon,ディープダンジョン
RSR,Auto,Auto Switch,,Disable automatically during area transitions.,エリア移動中は自動で無効化
RSR,Auto,Auto Switch,,Disable automatically during cutscenes.,カットシーン中は自動で無効化
RSR,Duty,PvP,,Don't use any actions while in Guard.,防御中はアクションを使用しない
RSR,UI,Information,,DTR Behaviour,DTRバーの動作
RSR,Duty,Dungeon,,Dungeon,ダンジョン
RSR,Duty,Field Ops,,Elemental Weakness Tracking.,属性弱点を追跡
RSR,Extra,Others,,Enable cactbot timeline integration (Extremely experimental),cactbotタイムライン連携を有効化（非常に実験的）
RSR,Extra,Event,,Event,イベント
RSR,Duty,Extreme,,Extreme,極
RSR,Duty,Field Ops,,Field Ops,フィールド探索型コンテンツ
RSR,Actions,,,From Clipboard,クリップボードから読込
RSR,AutoDuty,,,Gearsetter is not enabled,Gearsetter は無効です
RSR,Auto,Healing Usage and Control,,Healing Usage and Control,回復使用・制御
RSR,Auto,Healing Usage and Control,,HP standard deviation for using AoE heal.,範囲回復を使用するHPの標準偏差
RSR,Duty,PvP,,Ignore Invincibility for PvP purposes.,PvPでは無敵判定を無視
RSR,Duty,PvP,,Ignore TTK for PvP purposes.,PvPではTTK判定を無視
RSR,List,,,"In this window, you can set parameters that can be customized using lists.",この画面では、リストでカスタマイズできる各種項目を設定します。
RSR,Extra,Event,,"In this window, you can set which macro will be triggered after using an action.",この画面では、アクション使用後に実行するマクロを設定します。
RSR,UI,Information,,Information,情報
RSR,Extra,Internal,,Internal,内部
RSR,Extra,Event,,Is Shared,共有する
RSR,Extra,Others,,Lock actions when casting Collective Unconscious during AOE mitigations.,範囲軽減中に運命の輪を使用している間は他アクションを抑制
RSR,Extra,Others,,Lock actions when casting Passage Of Arms during AOE mitigations.,範囲軽減中にパッセージ・オブ・アームズを使用している間は他アクションを抑制
RSR,Extra,Others,,Lock actions when casting Phantom Flurry.,幻影の闘舞中は他アクションを抑制
RSR,Duty,PvP,,Lock out GCD cycle if you are below 50% HP and have over 2000 MP for heals (Experimental).,HP50%未満かつMP2000以上なら回復のためGCDサイクルを抑制（実験的）
RSR,List,Map-specific settings,,Map-specific settings,マップ固有設定
RSR,Basic,Timer,,Not In Combat random delay range.,非戦闘時のランダム遅延範囲
RSR,Debug,,,Open Action Trace File,アクショントレースを開く
RSR,Extra,Others,,Others,その他
RSR,Auto,Healing Usage and Control,,Prioritize Low HP tank for tankbusters.,タンク強攻撃ではHPが低いタンクを優先
RSR,Duty,PvP,,PvP,PvP
RSR,Auto,Healing Usage and Control,,Raise non-Healers from bottom of party list to the top (Light Party 2 Healer Behavior),非ヒーラーの蘇生優先度をPTリスト下から上へ（ライトPTでヒーラー2人時の動作）
RSR,UI,Information,,Random range of simulated presses per action,アクションごとの疑似入力回数のランダム範囲
RSR,Actions,,,Reset and Stop Casting List,詠唱停止リストを初期化して停止
RSR,Actions,,,Reset and Update AOE List,範囲攻撃リストを初期化して更新
RSR,List,Statuses,,Reset and Update Dispell Debuff List,解除対象デバフリストを初期化して更新
RSR,List,Statuses,,Reset and Update Invuln Status List,無敵ステータスリストを初期化して更新
RSR,Actions,,,Reset and Update Knockback List,ノックバックリストを初期化して更新
RSR,List,Statuses,,Reset and Update No Casting Status List,詠唱禁止ステータスリストを初期化して更新
RSR,List,Statuses,,Reset and Update Priority Status List,優先ステータスリストを初期化して更新
RSR,Actions,,,Reset and Update Tankbuster List,タンク強攻撃リストを初期化して更新
RSR,Extra,Internal,,Restore Configs,設定を復元
RSR,Main,Many thanks to Ko-fi sponsors.,,Right-click to copy this tip.,右クリックでこのヒントをコピー
RSR,Extra,Others,,RSR focuses on the rotation itself. These are side features. Subject to removal at any time.,RSRはローテーション本体を重視しています。ここは補助機能で、将来削除される可能性があります。
RSR,Duty,Savage,,Savage,零式
RSR,Extra,Others,,Set Blue Mage Actions Automatically,青魔法を自動設定
RSR,Duty,PvP,,Set RSR to PvP specific state when enabled in PvP zone.,PvPエリアで有効化された場合、RSRをPvP用状態に切り替える
RSR,Extra,Others,,Show cactbot event toasts (debug),cactbotイベントをトースト表示（デバッグ）
RSR,AutoDuty,,,SkipCutscene is not enabled,SkipCutscene は無効です
RSR,List,Statuses,,Statuses,ステータス
RSR,Auto,Healing Usage and Control,,Stop single target GCD healing after reaching threshold. (EXTREMELY Experimental),しきい値到達後は単体GCD回復を停止（非常に実験的）
RSR,Duty,PvP,,The HP for using Guard.,防御を使用するHP
RSR,Auto,Action Usage and Control,,The HP%% for tank to use invulnerability,タンクが無敵技を使用するHP％
RSR,Auto,Action Usage and Control,,The range of random delay before interrupting hostile targets.,敵の詠唱中断までのランダム遅延範囲
RSR,Duty,The Masked Carnivale,,The Masked Carnivale,マスクカーニバル
RSR,,,,This config is job-specific,この設定はジョブ専用です
RSR,Basic,Timer,,Timer,タイマー
RSR,Duty,Treasure Dungeon,,Treasure Dungeon,宝物庫
RSR,Duty,Treasure Dungeon,,Treasure Dungeons - Numbered mob logic.,宝物庫 - 番号付き敵のターゲットロジック
RSR,Duty,Treasure Dungeon,,Treasure Dungeons - Timed mob logic.,宝物庫 - 時間制敵のターゲットロジック
RSR,Auto,Healing Usage and Control,,Treat focus targeted player as party member in alliance raids,アライアンスレイドではフォーカスターゲットしたプレイヤーをPTメンバーとして扱う
RSR,Auto,Healing Usage and Control,,Treat your chocobo as a party member,チョコボをPTメンバーとして扱う
RSR,Duty,Ultimate,,Ultimate,絶
RSR,Duty,PvP,,Use Purify to remove Bind debuff,浄化でバインドを解除
RSR,Duty,PvP,,Use Purify to remove Deep Freeze debuff,浄化で氷結を解除
RSR,Duty,PvP,,Use Purify to remove Heavy debuff,浄化でヘヴィを解除
RSR,Duty,PvP,,Use Purify to remove Miracle of Nature debuff,浄化でミラクル・オブ・ネイチャーを解除
RSR,Duty,PvP,,Use Purify to remove Silence debuff,浄化で沈黙を解除
RSR,Duty,PvP,,Use Purify to remove Stun debuff,浄化でスタンを解除
RSR,Main,Links,,Useful information and macro list.,便利な情報とマクロ一覧
RSR,Duty,Variant Dungeon,,Variant Dungeon,ヴァリアントダンジョン
RSR,AutoDuty,,,vnavmesh is installed and enabled,vnavmesh は導入済み・有効
RSR,UI,Windows,,Windows,ウィンドウ
RSR,Target,Configuration,Combo,"Cycle between first Auto, Manual, and Off",最初のAuto・Manual・Offを順に切替
RSR,Target,Configuration,Combo,"Cycle between each Auto, Manual, and Off",各Auto・Manual・Offを順に切替
RSR,Target,Configuration,Combo,Cycle between Auto and Off,AutoとOffを切替
RSR,Target,Configuration,Combo,Cycle between Manual and Off,ManualとOffを切替
RSR,Target,Configuration,Combo,Cycle between Manual and Auto,ManualとAutoを切替
RSR,Target,Configuration,Combo,All targets that are in range for any abilities (Tanks/Autoduty),射程内の全敵を対象（タンク／AutoDuty）
RSR,Target,Configuration,Combo,Previously engaged targets (Non-Tanks),交戦済みの敵のみ（非タンク）
RSR,Target,Configuration,Combo,"All targets when solo in duty (includes Occult Crescent), or previously engaged.",コンテンツ内ソロ時は全敵、それ以外は交戦済みのみ
RSR,Target,Configuration,Combo,"All targets when solo, or previously engaged.",ソロ時は全敵、PT時は交戦済みのみ
RSR,Target,Configuration,Combo,"Solo Deep Dungeons: if solo, out of combat pull the nearest single enemy; in combat only previously engaged.",DDソロ：非戦闘時は最寄り1体、戦闘中は交戦済みのみ
RSR,Auto,Auto Switch,,Activate auto mode when countdown starts,カウントダウン開始時に自動モードを有効化
RSR,,,,AI slop clone of RSR,RSRの粗悪なAI複製版
RSR,,,,Auto rotation and targetting conflicts,自動ローテーション／ターゲット選択の競合
RSR,,,,Auto turn off RSR when combat is over for more than:,戦闘終了後、次の時間を超えたらRSRを自動停止：
RSR,,,,Auto-use oGCD abilities,oGCDアビリティを自動使用
RSR,,,,Automatic Healing Thresholds,自動回復しきい値
RSR,,,,Automatically turn off combat state during cutscenes.,カットシーン中は戦闘状態を自動でOFFにする
RSR,,,,Automatically turn off combat state when a duty (instance) ends.,コンテンツ終了時に戦闘状態を自動でOFFにする
RSR,,,,Automatically turn off combat state when moving between different areas.,エリア移動時に戦闘状態を自動でOFFにする
RSR,,,,Automatically turn off combat state when you change your job/class.,ジョブ／クラス変更時に戦闘状態を自動でOFFにする
RSR,,,,Automatically turn off combat state when your character dies.,キャラクター死亡時に戦闘状態を自動でOFFにする
RSR,,,,Automatically use HP Potions,HPポーションを自動使用
RSR,,,,Automatically use MP Potions,MPポーションを自動使用
RSR,,,,Automatically use Phoenix Down,フェニックスの尾を自動使用
RSR,,,,Broken,動作不可
RSR,,,,Color disabled actions on hotbars,無効化したアクションをホットバー上で色分け
RSR,,,,Crash,クラッシュ
RSR,,,,Disable hostile actions if something is casting an action on the Gaze/Stop list (EXPERIMENTAL),敵が視線／停止リストのアクションを詠唱中は攻撃アクションを無効化（実験的）
RSR,,,,Display the plugin's current status in the server information bar.,サーバー情報バーにプラグインの現在状態を表示
RSR,,,,Displays rotating tips in the main panel; updates every 7 seconds.,メインパネルにヒントを順番に表示（7秒ごとに更新）
RSR,,,,Dynamically adjusts cooldown and animation locks to ensure queued actions resolve immediately regardless of framerate limitations,フレームレートの影響を受けず予約アクションが即時処理されるよう、クールダウンとアニメーションロックを動的調整
RSR,,,,Enable Action Tracer (ONLY toggle this at dev request),アクショントレーサーを有効化（開発者から指示された場合のみ）
RSR,,,,Enable to allow the plugin to use HP potions automatically.,HPポーションの自動使用を許可
RSR,,,,Enable to allow the plugin to use MP potions automatically.,MPポーションの自動使用を許可
RSR,,,,Enable to allow the plugin to use Phoenix Down item. (Experimental feature),フェニックスの尾の自動使用を許可（実験的機能）
RSR,,,,Enable to automatically use anti-knockback abilities when needed based on anti-knockback action list in List menu.,リストメニューのノックバック対策一覧に基づき、必要時にノックバック無効アビリティを自動使用
RSR,,,,"Enemy parts, such as Titan's Heart, will be prioritized as targets.",タイタンの心核など、敵の部位をターゲットとして優先します
RSR,,,,"Experimental, includes Chaotic.",実験的機能（滅も含む）
RSR,,,,Experimental.,実験的機能
RSR,,,,"Full: Use all available AoE actions.
Cleave: Use only single-target AoE actions.
Off: Do not use any AoE actions.","フル：使用可能な範囲攻撃をすべて使用
クレーブ：単体対象型の範囲攻撃のみ使用
OFF：範囲攻撃を使用しない"
RSR,,,,Heal party members with GCD if there is nothing to do in combat.,戦闘中に他にすることがない場合、GCD回復でPTメンバーを回復
RSR,,,,"I understand that Auto On settings will turn RSRs autorotation on, automatically.",Auto On設定によってRSRの自動ローテーションが自動的にONになることを理解しました
RSR,,,,"If a mob is weak to a specific aspect, only use actions of that aspect.",敵に特定属性の弱点がある場合、その属性のアクションのみ使用
RSR,,,,"If the selection mode is based on character facing, i.e., targets within the character's viewpoint are moveable targets.
If the selection mode is screen-centered, i.e., targets within a sector drawn upward from the character's point are movable targets.
Degree","選択モードがキャラクターの向き基準の場合、キャラクターの視野内にいる対象を移動対象として選択します。
画面中央基準の場合、キャラクター位置から画面上方向へ描かれる扇形範囲内の対象を移動対象として選択します。
角度"
RSR,,,,"If this is disabled, RSR will only use the game's built-in soft-targeting for allies for heals, shields, etc.",無効の場合、回復やバリアなど味方対象アクションではゲーム標準のソフトターゲットのみ使用します
RSR,,,,"If this is disabled, you will never use Swiftcast/Dualcast to raise players.",無効の場合、蘇生に迅速魔／連続魔を使用しません
RSR,,,,"If you have another healer on the team, their healing might put the target player(s) above the healing threshold and you'll waste MP. This interrupts the cast if it happens.",他のヒーラーの回復で対象HPがしきい値を上回りMPが無駄になる場合、詠唱を中断します
RSR,,,,Info Window's Background,情報ウィンドウの背景
RSR,,,,Intercept player input and queue it for RSR to execute the action. (PvE only),プレイヤー入力を横取りしてRSRの実行キューへ登録（PvEのみ）
RSR,,,,It is recommended to check this option if you are playing Raids or you can plan the heal and defense ability usage by yourself.,レイドをプレイする場合、または回復・防御アビリティを自分で計画できる場合は、この設定を有効にすることを推奨します
RSR,,,,Join this list!,このリストに参加する
RSR,,,,Lock movement when casting or performing certain actions.,詠唱中または特定アクション実行中の移動をロック
RSR,,,,May have issues with Auto rotation and targetting conflicts,自動ローテーションやターゲット選択と競合する場合があります
RSR,,,,May have issues with skill queueing settings,スキルキュー設定と競合する場合があります
RSR,,,,Never use any AoE action when this may attack mobs that are not hostile targets.,敵対対象ではない敵を巻き込む可能性がある場合、範囲攻撃を使用しない
RSR,,,,None,なし
RSR,,,,Open Config Folder,設定フォルダーを開く
RSR,,,,Percent,パーセント
RSR,,,,Prevents your character from moving while casting or using specific actions.,詠唱中または特定アクション使用中、キャラクターの移動を防止
RSR,,,,Prioritize A tier tomeliths in Shatter.,砕氷戦でAランクのトームリスを優先
RSR,,,,Prioritize B tier tomeliths in Shatter.,砕氷戦でBランクのトームリスを優先
RSR,,,,Remove extra framerate-induced cooldown delay,フレームレート由来の余分なクールダウン遅延を除去
RSR,,,,Remove extra lag-induced animation lock delay from instant casts (read tooltip!),即時発動アクションの通信遅延由来アニメーションロックを軽減（ツールチップ要確認）
RSR,,,,Seconds,秒
RSR,,,,Show a popup window with the changelog when the plugin updates.,プラグイン更新時に変更履歴をポップアップ表示
RSR,,,,Show a toast notification with the combat state when changed.,戦闘状態が変化した時にトースト通知を表示
RSR,,,,Show Action Timeline Window,アクションタイムラインウィンドウを表示
RSR,,,,Show Control Window,コントロールウィンドウを表示
RSR,,,,Show Cooldown Window,クールダウンウィンドウを表示
RSR,,,,Show Next Action Window,次アクションウィンドウを表示
RSR,,,,Show plugin status in DTR bar.,DTRバーにプラグイン状態を表示
RSR,,,,"Simply right clicking any action, setting, or toggle will pop up the macro associated with it.",アクション・設定・トグルを右クリックすると、対応するマクロを表示します
RSR,,,,Simulate the effect of pressing abilities,アビリティを押した時の効果をシミュレート
RSR,,,,Skill targetting conflicts,スキルのターゲット選択競合
RSR,,,,Skill Usage,スキル使用
RSR,,,,Special thanks to the 34 supporters (including those not listed here):,34名の支援者のみなさまに感謝します（ここに表示されていない方を含む）：
RSR,,,,Stop casting if the target dies.,対象が死亡したら詠唱を中断
RSR,,,,Targets with attack markers will be prioritized for actions.,攻撃マーカー付き対象をアクション対象として優先
RSR,,,,Targets with only 1 HP will be treated as invincible and ignored; for rare cases where target is invincible but is not given a status for it.,HPが1だけの対象を無敵扱いして無視します。無敵状態なのに専用ステータスが付かない特殊ケース向けです
RSR,,,,Targets with stop markers will not be attacked.,停止マーカー付き対象は攻撃しない
RSR,,,,Teaching mode,学習モード
RSR,,,,These commands can be used to open or change plugin settings directly from chat or macros.,これらのコマンドを使うと、チャットやマクロからプラグイン設定を直接開いたり変更できます
RSR,,,,This setting is only used if the rotation specifically supports automatic tincture usage.,ローテーション側が薬の自動使用に対応している場合のみ、この設定を使用します
RSR,,,,Tip: Special thanks to supporter: ????!,ヒント：支援者のみなさまに感謝！
RSR,,,,Use beneficial ground-targeted actions,味方への設置型アクションを使用
RSR,,,,"Use beneficial ground-targeted actions on party Tank if present, skipping other logic.",PTにタンクがいる場合、他の判定を飛ばしてタンクへ設置型支援アクションを使用
RSR,,,,"Use beneficial ground-targeted actions only on self, skipping other logic.",他の判定を飛ばして、自分にのみ設置型支援アクションを使用
RSR,,,,Use beneficial ground-targeted actions when moving.,移動中でも設置型支援アクションを使用
RSR,,,,Use defensive actions,防御アクションを使用
RSR,,,,Use healing abilities when playing a non-healer role.,非ヒーラーロールでも回復アビリティを使用
RSR,,,,"When enabled, actions you have disabled in RSR will be tinted on in-game hotbars.",有効にすると、RSRで無効化したアクションをゲーム内ホットバー上で色付き表示します
RSR,,,,"When in a Fate, only Fate targets are considered. When not in a Fate, Fate targets are ignored.",FATE中はFATE対象のみを候補にし、FATE外ではFATE対象を無視します
RSR,,,,Yalms,ヤルム
RSR,,,,Yes,はい
RSR,Extra,Others,RenderText,"Connects to OverlayPlugin's WebSocket server and reacts to cactbot broadcast messages (raidwide, tankbuster, knockback, downtime/untargetable).",OverlayPluginのWebSocketサーバーへ接続し、cactbotのブロードキャスト（全体攻撃、タンク強攻撃、ノックバック、攻撃不能時間など）に反応します
RSR,Duty,Savage,Text/RenderTextWrapped,O12S - Packet Filter logic.,O12S - パケットフィルター処理
RSR,Duty,Savage,Text/RenderTextWrapped,M8S - Wolf Pack/Stone Pack logic.,M8S - Wolf Pack／Stone Pack処理
RSR,Duty,Savage,Text/RenderTextWrapped,M9S - Only use cleave logic.,M9S - 範囲巻き込み攻撃のみ使用
RSR,Duty,Savage,Text/RenderTextWrapped,M9S - Cell Targeting logic.,M9S - Cellターゲット処理
RSR,Duty,Savage,Text/RenderTextWrapped,M9S - Ads Targeting logic.,M9S - 雑魚ターゲット処理
RSR,Duty,Savage,Text/RenderTextWrapped,M10S - Firesnaking/Watersnaking targeting logic.,M10S - Firesnaking／Watersnakingターゲット処理
RSR,Duty,,Selectable,Crucible of the Unbroken,不壊の坩堝
RSR,Duty,Extreme,,Cinder Drift Extreme - Pall Targeting logic.,極ルビーウェポン破壊作戦：Pall対象選択ロジック
RSR,Duty,Chaotic Alliance Raid,,Cloud of Darkness - Ads phase logic.,闇の世界：雑魚フェーズ処理
RSR,Duty,Variant Dungeon,,Custom logic to treat certain drakes as immune to kill them in a specific order for the purposes Variant path 12.,ヴァリアントルート12用：特定のドレイクを指定順で倒すため、一部を一時的に無敵扱いします。
RSR,Duty,Dungeon,,Dohn Mheg - Liars Lyre mechancic.,ドォーヌ・メグ：ライアーズ・ライア処理
RSR,Duty,Field Ops,,Enable tracking of elemental weaknesses for debug. This enables you to track weaknesses to report to dev. See Debug > Occult Crescent Weaknesses.,デバッグ用に属性弱点の追跡を有効化します。開発者への報告用に弱点を記録できます。デバッグ > Occult Crescent Weaknesses を参照。
RSR,Duty,Field Ops,,Forked Tower Blood - Dead Star logic.,フォークタワー：Blood - Dead Star処理
RSR,Duty,Field Ops,,Forked Tower Magic - First Boss Villian/Hero.,フォークタワー：Magic - 1ボス Villain/Hero処理
RSR,Duty,Ultimate,,Futures Rewritten (Ultimate) - Crystal Of Darkness logic.,絶もうひとつの未来：Crystal Of Darkness処理
RSR,Duty,Alliance Raid,,Jeuno: The First Walk - The Ark Angels logic.,ジュノ：ザ・ファーストウォーク：Ark Angels処理
RSR,Duty,Extreme,,Limitless Blue Extreme - Whaleback logic.,極ビスマルク討滅戦：Whaleback処理
RSR,Duty,Field Ops,,North Horn CE - Tiny Mage targetting logic.,North Horn CE：Tiny Mageターゲット処理
RSR,Duty,Deep Dungeon,,Pilgrim's Traverse - Eminent Grief logic.,Pilgrim's Traverse：Eminent Grief処理
RSR,Duty,The Masked Carnivale,,Prevent specific aspected actions from being used against mobs that are immune to that aspect.,その属性に耐性を持つ敵には、該当属性アクションを使用しません。
RSR,Duty,The Masked Carnivale,,Prevent specific Bind actions from being used against mobs that are immune to those effects.,バインド無効の敵には、対象のバインドアクションを使用しません。
RSR,Duty,The Masked Carnivale,,Prevent specific Blind actions from being used against mobs that are immune to those effects.,暗闇無効の敵には、対象の暗闇アクションを使用しません。
RSR,Duty,The Masked Carnivale,,Prevent specific Flat Damage/Death actions from being used against mobs that are immune to those effects.,固定ダメージ／即死無効の敵には、対象アクションを使用しません。
RSR,Duty,The Masked Carnivale,,Prevent specific Heavy actions from being used against mobs that are immune to those effects.,ヘヴィ無効の敵には、対象のヘヴィアクションを使用しません。
RSR,Duty,The Masked Carnivale,,Prevent specific Interrupt actions from being used against mobs that are immune to those effects.,中断無効の敵には、対象の中断アクションを使用しません。
RSR,Duty,The Masked Carnivale,,Prevent specific Paralysis actions from being used against mobs that are immune to those effects.,麻痺無効の敵には、対象の麻痺アクションを使用しません。
RSR,Duty,The Masked Carnivale,,Prevent specific Petrification actions from being used against mobs that are immune to those effects.,石化無効の敵には、対象の石化アクションを使用しません。
RSR,Duty,The Masked Carnivale,,Prevent specific Sleep actions from being used against mobs that are immune to those effects.,睡眠無効の敵には、対象の睡眠アクションを使用しません。
RSR,Duty,The Masked Carnivale,,Prevent specific Slow actions from being used against mobs that are immune to those effects.,スロウ無効の敵には、対象のスロウアクションを使用しません。
RSR,Duty,The Masked Carnivale,,Prevent specific Stun actions from being used against mobs that are immune to those effects.,スタン無効の敵には、対象のスタンアクションを使用しません。
RSR,Duty,Savage,,Prioritize Doornail or Flail based on role and distance to target.,ロールと対象までの距離に応じてDoornailまたはFlailを優先します。
RSR,Duty,Savage,,"Priotize Red Hot if you have firesnaking buff, and Deep Blue if you have watersnaking buff (also applies to Normal).",Firesnakingバフ中はRed Hot、Watersnakingバフ中はDeep Blueを優先します（ノーマルにも適用）。
RSR,Duty,Treasure Dungeon,,Priotizes limited time mobs in treasure dungeons to resolve extra loot mechanic.,宝物庫で制限時間付きの敵を優先し、追加報酬ギミックを処理します。
RSR,Duty,Treasure Dungeon,,Sets mobs with number plates as top priority in order from lowest to highest to resolve extra loot mechanic.,番号札付きの敵を小さい番号から最優先し、追加報酬ギミックを処理します。
RSR,Duty,Ultimate,,The Epic of Alexander (Ultimate) - Jagd Doll logic.,絶アレキサンダー討滅戦：Jagd Doll処理
RSR,Duty,Ultimate,,The Epic of Alexander (Ultimate) - True Heart logic.,絶アレキサンダー討滅戦：True Heart処理
RSR,Duty,Dungeon,,The Ghimlyt Dark - Colossus Rubricatus ad.,ギムリトダーク：Colossus Rubricatus雑魚処理
RSR,Duty,Alliance Raid,,The Labyrinth of the Ancients - Thanatos logic.,古代の民の迷宮：タナトス処理
RSR,Duty,Dungeon,,The Meso Terminal - Thanatos logic.,The Meso Terminal：タナトス処理
RSR,Duty,Ultimate,,The Omega Protocol (Ultimate) - Packet Filter logic.,絶オメガ検証戦：Packet Filter処理
RSR,Duty,Alliance Raid,,The Puppets' Bunker - Superior Flight Unit logic.,人形タチノ軍事基地：飛行ユニット処理
RSR,Duty,Variant Dungeon,,The Sil'dihn Subterrane - Drakefamily ads logic.,シラディハ水道：Drake系雑魚処理
RSR,Duty,Alliance Raid,,The Tower at Paradigm's Breach - Hansel and Gretel logic.,希望ノ砲台：「塔」：ヘンゼル＆グレーテル処理
RSR,Duty,Extreme,,The Unmaking Extreme - Shadow logic.,The Unmaking Extreme：Shadow処理
RSR,Duty,Alliance Raid,,The Void Ark - Irminsul and Sawtooth logic.,魔航船ヴォイドアーク：Irminsul／Sawtooth処理
RSR,Duty,Savage,,"This should clear up any targeting issues when a nail, the boss, and a flail are near each other at the same time.",釘・ボス・Flailが同時に近くにいる場合のターゲット問題を抑えます。
RSR,Duty,Alliance Raid,,Treat Alexander and/or Gordius Systems as immune if they have Perfect Defense.,Alexander／Gordius SystemsにPerfect Defenseが付いている場合は無敵扱いにします。
RSR,Duty,Extreme,,Treat Bismark Shell/Bismark Corona as immune if you don't have the Whaleback status,Whaleback状態でない場合、Bismarck Shell／Bismarck Coronaを無敵扱いにします。
RSR,Duty,Ultimate,,Treat bosses as immune if you don't have the corresponding status for it.,対応するステータスを持っていない場合、ボスを無敵扱いにします。
RSR,Duty,Savage,,Treat Cells as immune if you don't have the corresponding status for it.,対応するステータスを持っていない場合、Cellsを無敵扱いにします。
RSR,Duty,Chaotic Alliance Raid,,Treat Cloud of Darkness/Stygian as immune if you don't have corresponding buff.,対応するバフがない場合、Cloud of Darkness／Stygianを無敵扱いにします。
RSR,Duty,Dungeon,,Treat Colossus Rubricatus as immune while its casting scripted action which leads to its death.,Colossus Rubricatusが死亡につながる演出詠唱中は無敵扱いにします。
RSR,Duty,Ultimate,,Treat Crystal Of Darkness ad as immune.,Crystal Of Darknessの雑魚を無敵扱いにします。
RSR,Duty,Alliance Raid,,Treat each Ark Angel as immune if you don't have corresponding buff.,対応するバフがないArk Angelは無敵扱いにします。
RSR,Duty,Alliance Raid,,Treat each Hansel/Gretel as immune if you are at an angle that would cause you to take rebound damage from the shield mechanic.,盾ギミックの反射ダメージを受ける角度にいる場合、Hansel／Gretelを無敵扱いにします。
RSR,Duty,Alliance Raid,,Treat each Superior Flight Unit as immune if you don't have corresponding buff.,対応するバフがないSuperior Flight Unitは無敵扱いにします。
RSR,Duty,Deep Dungeon,,"Treat Eminent Grief as immune if you don't have Light Vengeance buff, and treat Devoured Eater as immune if you don't have Dark Vengeance buff.",Light Vengeanceがない場合はEminent Griefを、Dark Vengeanceがない場合はDevoured Eaterを無敵扱いにします。
RSR,Duty,Alliance Raid,,Treat Irminsul and Sawtooth as immune if you don't have corresponding buff.,対応するバフがない場合、Irminsul／Sawtoothを無敵扱いにします。
RSR,Duty,Ultimate,,Treat Jagd Doll ads as immune when HP is less than 25%.,Jagd DollのHPが25%未満なら無敵扱いにします。
RSR,Duty,Dungeon,,Treat Jailers in second boss fight as immune if you don't have corresponding buff.,2ボス戦で対応するバフがない場合、Jailerを無敵扱いにします。
RSR,Duty,Dungeon,,Treat Liars Lyre as immune if you don't have the Unfooled status.,Unfooled状態でない場合、Liars Lyreを無敵扱いにします。
RSR,Duty,Savage,,Treat OmegaM/OmegaF as immune if you have their corresponding Packet Filter status (also applies to Normal).,対応するPacket Filter状態があるOmega-M／Omega-Fを無敵扱いにします（ノーマルにも適用）。
RSR,Duty,Ultimate,,Treat OmegaM/OmegaF as immune if you have their corresponding Packet Filter status.,対応するPacket Filter状態があるOmega-M／Omega-Fを無敵扱いにします。
RSR,Duty,Extreme,,Treat Pall of Rage/Pall of Grief as immune if you don't have the corresponding status for it.,対応するステータスがない場合、Pall of Rage／Pall of Griefを無敵扱いにします。
RSR,Duty,Extreme,,Treat Shadow as immune if you don't have the corresponding status,対応するステータスがない場合、Shadowを無敵扱いにします。
RSR,Duty,Alliance Raid,,Treat Thanatos as immune if you don't have Astral Realignment buff.,Astral Realignmentバフがない場合、タナトスを無敵扱いにします。
RSR,Duty,Field Ops,,Treat the first boss of Forked Tower as immune if you don't have the corresponding status for it.,対応するステータスがない場合、Forked Towerの1ボスを無敵扱いにします。
RSR,Duty,Field Ops,,Treat Tiny Mage CE mobs as immune if you're more than 5 yalms away and they are not the farthest along their cast.,Tiny Mage CEの敵が5mより遠く、かつ詠唱進行が最も進んでいない場合は無敵扱いにします。
RSR,Duty,Field Ops,,Treat Triton/Nereid/Phobos as immune if you don't have the corresponding status for it.,対応するステータスがない場合、Triton／Nereid／Phobosを無敵扱いにします。
RSR,Duty,Ultimate,,Treat True Heart ad as immune.,True Heartの雑魚を無敵扱いにします。
RSR,Duty,Savage,,Treat Wolf of Wind/Wolf of Stone as immune if you don't have the corresponding status for it.,対応するステータスがない場合、Wolf of Wind／Wolf of Stoneを無敵扱いにします。
RSR,Duty,Alliance Raid,,Windurst: The Third Walk - Alexander Resurrected logic.,ウィンダス：ザ・サードウォーク：Alexander Resurrected処理
RSR,Main,State Macros,Text/RenderTextWrapped,Click to execute the command: /rotation AntiKnockback,クリックでコマンドを実行: /rotation AntiKnockback
RSR,Main,State Macros,Text/RenderTextWrapped,Right-click to copy the command: /rotation AntiKnockback,右クリックでコマンドをコピー: /rotation AntiKnockback
RSR,Main,State Macros,Text/RenderTextWrapped,Click to execute the command: /rotation Auto,クリックでコマンドを実行: /rotation Auto
RSR,Main,State Macros,Text/RenderTextWrapped,Right-click to copy the command: /rotation Auto,右クリックでコマンドをコピー: /rotation Auto
RSR,Main,State Macros,Text/RenderTextWrapped,Click to execute the command: /rotation Burst,クリックでコマンドを実行: /rotation Burst
RSR,Main,State Macros,Text/RenderTextWrapped,Right-click to copy the command: /rotation Burst,右クリックでコマンドをコピー: /rotation Burst
RSR,Main,State Macros,Text/RenderTextWrapped,Click to execute the command: /rotation Cycle,クリックでコマンドを実行: /rotation Cycle
RSR,Main,State Macros,Text/RenderTextWrapped,Right-click to copy the command: /rotation Cycle,右クリックでコマンドをコピー: /rotation Cycle
RSR,Main,State Macros,Text/RenderTextWrapped,Click to execute the command: /rotation DefenseArea,クリックでコマンドを実行: /rotation DefenseArea
RSR,Main,State Macros,Text/RenderTextWrapped,Right-click to copy the command: /rotation DefenseArea,右クリックでコマンドをコピー: /rotation DefenseArea
RSR,Main,State Macros,Text/RenderTextWrapped,Click to execute the command: /rotation DefenseSingle,クリックでコマンドを実行: /rotation DefenseSingle
RSR,Main,State Macros,Text/RenderTextWrapped,Right-click to copy the command: /rotation DefenseSingle,右クリックでコマンドをコピー: /rotation DefenseSingle
RSR,Main,State Macros,Text/RenderTextWrapped,Click to execute the command: /rotation DispelStancePositional,クリックでコマンドを実行: /rotation DispelStancePositional
RSR,Main,State Macros,Text/RenderTextWrapped,Right-click to copy the command: /rotation DispelStancePositional,右クリックでコマンドをコピー: /rotation DispelStancePositional
RSR,Main,State Macros,Text/RenderTextWrapped,Click to execute the command: /rotation EndSpecial,クリックでコマンドを実行: /rotation EndSpecial
RSR,Main,State Macros,Text/RenderTextWrapped,Right-click to copy the command: /rotation EndSpecial,右クリックでコマンドをコピー: /rotation EndSpecial
RSR,Main,State Macros,Text/RenderTextWrapped,Click to execute the command: /rotation HealArea,クリックでコマンドを実行: /rotation HealArea
RSR,Main,State Macros,Text/RenderTextWrapped,Right-click to copy the command: /rotation HealArea,右クリックでコマンドをコピー: /rotation HealArea
RSR,Main,State Macros,Text/RenderTextWrapped,Click to execute the command: /rotation HealSingle,クリックでコマンドを実行: /rotation HealSingle
RSR,Main,State Macros,Text/RenderTextWrapped,Right-click to copy the command: /rotation HealSingle,右クリックでコマンドをコピー: /rotation HealSingle
RSR,Main,State Macros,Text/RenderTextWrapped,Click to execute the command: /rotation Manual,クリックでコマンドを実行: /rotation Manual
RSR,Main,State Macros,Text/RenderTextWrapped,Right-click to copy the command: /rotation Manual,右クリックでコマンドをコピー: /rotation Manual
RSR,Main,State Macros,Text/RenderTextWrapped,Click to execute the command: /rotation MoveBack,クリックでコマンドを実行: /rotation MoveBack
RSR,Main,State Macros,Text/RenderTextWrapped,Right-click to copy the command: /rotation MoveBack,右クリックでコマンドをコピー: /rotation MoveBack
RSR,Main,State Macros,Text/RenderTextWrapped,Click to execute the command: /rotation MoveForward,クリックでコマンドを実行: /rotation MoveForward
RSR,Main,State Macros,Text/RenderTextWrapped,Right-click to copy the command: /rotation MoveForward,右クリックでコマンドをコピー: /rotation MoveForward
RSR,Main,State Macros,Text/RenderTextWrapped,Click to execute the command: /rotation NextAction,クリックでコマンドを実行: /rotation NextAction
RSR,Main,State Macros,Text/RenderTextWrapped,Right-click to copy the command: /rotation NextAction,右クリックでコマンドをコピー: /rotation NextAction
RSR,Main,State Macros,Text/RenderTextWrapped,Click to execute the command: /rotation NoCasting,クリックでコマンドを実行: /rotation NoCasting
RSR,Main,State Macros,Text/RenderTextWrapped,Right-click to copy the command: /rotation NoCasting,右クリックでコマンドをコピー: /rotation NoCasting
RSR,Main,State Macros,Text/RenderTextWrapped,Click to execute the command: /rotation Off,クリックでコマンドを実行: /rotation Off
RSR,Main,State Macros,Text/RenderTextWrapped,Right-click to copy the command: /rotation Off,右クリックでコマンドをコピー: /rotation Off
RSR,Main,State Macros,Text/RenderTextWrapped,Click to execute the command: /rotation RaiseShirk,クリックでコマンドを実行: /rotation RaiseShirk
RSR,Main,State Macros,Text/RenderTextWrapped,Right-click to copy the command: /rotation RaiseShirk,右クリックでコマンドをコピー: /rotation RaiseShirk
RSR,Main,State Macros,Text/RenderTextWrapped,Click to execute the command: /rotation Speed,クリックでコマンドを実行: /rotation Speed
RSR,Main,State Macros,Text/RenderTextWrapped,Right-click to copy the command: /rotation Speed,右クリックでコマンドをコピー: /rotation Speed
RSR,Main,State Macros,Text/RenderTextWrapped,Click to execute the command: /rotation TargetOnly,クリックでコマンドを実行: /rotation TargetOnly
RSR,Main,State Macros,Text/RenderTextWrapped,Right-click to copy the command: /rotation TargetOnly,右クリックでコマンドをコピー: /rotation TargetOnly
RSR,Main,Compatibility,Text/RenderTextWrapped,"Combat Reborn fork of Bossmod, may have issues with auto rotation and targetting conflicts, though mitigations exist",BossmodのCombat Rebornフォーク。自動ローテーションやターゲット選択が競合する場合がありますが、軽減策があります
RSR,Extra,Internal,Text/RenderTextWrapped,Configs/Backups location: C:\Users\USER\AppData\Roaming\XIVLauncher\pluginConfigs,設定／バックアップ保存先: C:\Users\USER\AppData\Roaming\XIVLauncher\pluginConfigs
RSR,Extra,Others,RenderText,Controls how much party members' HP must differ before using AoE healing instead of single-target heals. Lower values require party members to have more similar HP for AoE healing to trigger (more selective). Higher values allow AoE healing even when HP differences are larger (less selective). Adjust only if you want to fine-tune AoE heal behavior.,単体回復ではなく範囲回復を使う際に許容するPTメンバー間のHP差を調整します。低い値ほどHPが近い場合だけ範囲回復を使い、高い値ほどHP差が大きくても範囲回復を使います。範囲回復の判定を細かく調整したい場合のみ変更してください。
RSR,Extra,Others,RenderText,"Do NOT use with XivAlexander, BMR tweaks enabled, or NoClippy - this should automatically disable itself if they are detected, but double check first!",XivAlexander、BMR Tweaks有効時、NoClippyとは併用しないでください。検出時は自動的に無効化されるはずですが、念のため確認してください。
RSR,Main,Compatibility,Text/RenderTextWrapped,"Fork of XIV Combo Expanded, may have issues with auto rotation and targetting conflicts",XIV Combo Expandedのフォーク。自動ローテーションやターゲット選択が競合する場合があります
RSR,Main,Compatibility,Text/RenderTextWrapped,"Fork of XIV Combo, may have issues with auto rotation and targetting conflicts",XIV Comboのフォーク。自動ローテーションやターゲット選択が競合する場合があります
RSR,Main,Compatibility,Text/RenderTextWrapped,"Fork of XIVSlothCombo, may have issues with auto rotation and targetting conflicts",XIVSlothComboのフォーク。自動ローテーションやターゲット選択が競合する場合があります
RSR,Auto,Action Usage and Control,RenderText,Full: Use all available AoE actions.,Full：使用可能な範囲攻撃をすべて使用
RSR,Target,Configuration,RenderText,"If the selection mode is based on character facing, i.e., targets within the character's viewpoint are moveable targets.",選択モードがキャラクターの向き基準の場合、キャラクターの視野内にいる対象を移動可能なターゲットとして扱います。
RSR,Main,Compatibility,Text/RenderTextWrapped,Rotation Solver helps you choose targets and click actions. Any plugin that changes these will affect its decisions.,Rotation Solverはターゲット選択とアクション実行を支援します。これらを変更する他のプラグインはRSRの判断に影響します。
RSR,Extra,Others,RenderText,Show a toast when a cactbot broadcast is received and mapped to a RotationSolver special.,cactbotのブロードキャストを受信し、RotationSolverのSpecialに割り当てられたときにトースト通知を表示します。
RSR,Auto,Action Usage and Control,Text/RenderTextWrapped,This option is unavailable with your current job,現在のジョブではこの設定を使用できません
RSR,Basic,Timer,RenderText,This setting controls how many oGCDs RSR will try to fit in a single GCD window,1回のGCD間にRSRが挟もうとするoGCDの数を設定します
RSR,Auto,Healing Usage and Control,RenderText,"When enabled, non-healer jobs (such as DPS or tanks) will only use healing abilities if there are no healers in the party, or if all healers are incapacitated (at 0 HP). ",有効にすると、DPSやタンクなどの非ヒーラージョブは、PTにヒーラーがいない場合、または全ヒーラーが戦闘不能（HP 0）の場合にのみ回復アビリティを使用します。
RSR,Auto,Section 5,Source/UI,How far ahead (in seconds) to look up upcoming Cooldown Planner actions,Cooldown Plannerの予定アクションを何秒先まで参照するか
RSR,,,Source/UI,Unlock movement when pressing both left and right mouse buttons.,左右のマウスボタンを同時押ししている間、移動ロックを解除する
RSR,,,Source/UI,Use HP Potions when HP% is lower than this,HPがこの割合を下回ったらHPポーションを使用
RSR,,,Source/UI,Use MP Potions when MP% is lower than this,MPがこの割合を下回ったらMPポーションを使用
RSR,,,Source/UI,Disabled actions hotbar tint color,使用不可アクションのホットバー着色
RSR,Auto,Section 4,Source/UI,Configurable amount of time before the cast finishes that RSR stops taking actions,詠唱完了前にRSRが行動を停止する時間
RSR,,,Source/UI,Seconds before raidwide to use area mitigation,全体攻撃の何秒前に範囲軽減を使用するか
RSR,,,Source/UI,Seconds before tankbuster to use single mitigation,タンク強攻撃の何秒前に単体軽減を使用するか
RSR,,,Source/UI,Seconds before knockback to use anti-knockback,ノックバックの何秒前にノックバック無効を使用するか
RSR,,,Source/UI,Number of hostiles,敵の数
RSR,,,Source/UI,HP%% needed to use single/self targetted mitigation on Tanks,タンクに単体／自己軽減を使用するHP％
RSR,,,Source/UI,Auto turn off RSR when combat is over for more than...,戦闘終了後、指定時間が経過したらRSRを自動OFF
RSR,,,Source/UI,The angle of your vision cone,視野範囲の角度
RSR,,,Source/UI,When their minimum HP is lower than this.,対象の最低HPがこの値を下回った場合
RSR,,,Source/UI,Random range of delay for RSR to stop attacking when the target is dead or immune to damage.,対象が死亡またはダメージ無効時にRSRが攻撃停止するまでのランダム遅延範囲
RSR,,,Source/UI,Provoke random delay range.,挑発のランダム遅延範囲
RSR,,,Source/UI,Downtime healing delay range.,非戦闘時回復の遅延範囲
RSR,,,Source/UI,Cooldown window icon size,Cooldownウィンドウのアイコンサイズ
RSR,,,Source/UI,Next Action Size Ratio,次アクションのサイズ比率
RSR,,,Source/UI,GCD icon size,GCDアイコンサイズ
RSR,,,Source/UI,oGCD icon size,oGCDアイコンサイズ
RSR,,,Source/UI,Control Progress Height,Control進行バーの高さ
RSR,,,Source/UI,Stop healing when time to kill is lower than:,残り討伐時間がこの値未満なら回復を停止
RSR,Basic,,Source/UI,"This setting controls how many oGCDs RSR will try to fit in a single GCD window
Lower numbers mean more oGCDs, but potentially more GCD clipping","1回のGCD間にRSRが挟もうとするoGCD数を調整します
値を小さくするとoGCDが増えますが、GCDクリップが発生しやすくなります"
RSR,Extra,,Source/UI,Animation lock max. simulated delay (read tooltip!),アニメーションロックの最大疑似遅延（ツールチップ必読）
RSR,Extra,,Source/UI,Configures the maximum simulated delay in milliseconds when using animation lock removal - this is required and cannot be reduced to zero. Setting this to 20ms will enable triple-weaving when using autorotation. The minimum setting to remove triple-weaving is 26ms. The minimum of 20ms has been accepted by FFLogs and should not cause issues with your logs.,アニメーションロック解除使用時の最大疑似遅延をミリ秒で設定します。0にはできません。20msでは自動回し中に3アビ挟みが可能になります。3アビ挟みを防ぐ最小値は26msです。20msはFFLogsで許容されており、ログ上の問題は通常ありません。
RSR,Extra,,Source/UI,Animation lock delay smoothing factor,アニメーションロック遅延の平滑化係数
RSR,Extra,,Source/UI,Max cooldown adjustment (ms),最大リキャスト補正（ms）
RSR,,,Source/UI,Highlight color.,強調表示の色
RSR,,,Source/UI,Target color,ターゲットの色
RSR,,,Source/UI,Locked Control Window's Background,ロック中のControlウィンドウ背景
RSR,,,Source/UI,Unlocked Control Window's Background,ロック解除中のControlウィンドウ背景
RSR,,,Source/UI,Range of time before locking onto aggro'd or new target to attack,敵視を取った敵／新しい敵へ攻撃対象を固定するまでの時間範囲
RSR,,,Source/UI,"(Do not set too low, can rip newly aggro'd dungeon mobs off tanks).",（低くしすぎると、ダンジョンでタンクが集めた直後の敵の敵視を奪う可能性があります）
RSR,,Section 2,Source/UI,"If the selection mode is based on character facing, i.e., targets within the character's viewpoint are moveable targets.
If the selection mode is screen-centered, i.e., targets within a sector drawn upward from the character's point are movable targets.","キャラクターの向きを基準にする選択モードでは、キャラクターの視野内にいる対象が選択対象になります。
画面中央を基準にする選択モードでは、キャラクター位置から画面上方向へ広がる扇形範囲内の対象が選択対象になります。"
RSR,,,Source/UI,The modifier key to unlock the movement temporarily,一時的に移動ロックを解除する修飾キー
RSR,,,Source/UI,RB is for gamepad player.,RBはゲームパッド使用者向けです。
RSR,Actions,,Source/EnumDescription,Skip status provide check,付与ステータス確認をスキップ
RSR,Actions,,Source/EnumDescription,Skip combo check,コンボ確認をスキップ
RSR,Actions,,Source/EnumDescription,Skip casting and moving check,詠唱・移動確認をスキップ
RSR,Actions,,Source/EnumDescription,Use up all stacks,全スタックを使い切る
RSR,Actions,,Source/EnumDescription,On the last ability,最後のアビリティで
RSR,Actions,,Source/EnumDescription,Skip clipping check,クリップ確認をスキップ
RSR,Actions,,Source/EnumDescription,Skip AoE check,範囲攻撃確認をスキップ
RSR,Actions,,Source/EnumDescription,Overriding targettype,ターゲット種別を上書き
RSR,Actions,,Source/EnumDescription,Burst Actions,バースト用アクション
RSR,Actions,,Source/EnumDescription,Heal Area GCD,範囲回復GCD
RSR,Actions,,Source/EnumDescription,Heal Area Ability,範囲回復アビリティ
RSR,Actions,,Source/EnumDescription,Heal Single GCD,単体回復GCD
RSR,Actions,,Source/EnumDescription,Heal Single Ability,単体回復アビリティ
RSR,Actions,,Source/EnumDescription,Defense Area GCD,範囲防御GCD
RSR,Actions,,Source/EnumDescription,Defense Area Ability,範囲防御アビリティ
RSR,Actions,,Source/EnumDescription,Defense Single GCD,単体防御GCD
RSR,Actions,,Source/EnumDescription,Defense Single Ability,単体防御アビリティ
RSR,Actions,,Source/EnumDescription,Move Forward GCD,前進GCD
RSR,Actions,,Source/EnumDescription,Move Forward Ability,前進アビリティ
RSR,Actions,,Source/EnumDescription,Move Back Ability,後退アビリティ
RSR,Actions,,Source/EnumDescription,Speed Ability,移動速度アビリティ
RSR,Auto,Healing Usage and Control,Source/EnumDescription,Do not hard cast Raise ,迅速魔なしでは蘇生を詠唱しない
RSR,Auto,Healing Usage and Control,Source/EnumDescription,Raise while Swiftcast is on cooldown,迅速魔のリキャスト中でも蘇生する
RSR,Auto,Healing Usage and Control,Source/EnumDescription,Raise while Swiftcast is on cooldown and other healers are dead,迅速魔のリキャスト中かつ他のヒーラーが戦闘不能なら蘇生する
RSR,Auto,Healing Usage and Control,Source/EnumDescription,Raise while Swiftcast is on cooldown and cooldown is higher than raise cast time,迅速魔の残りリキャストが蘇生の詠唱時間より長い場合は詠唱で蘇生する
RSR,Auto,Healing Usage and Control,Source/EnumDescription,Raise while Swiftcast is on cooldown and cooldown is higher than raise cast time and other healers are dead,迅速魔の残りリキャストが蘇生の詠唱時間より長く、他のヒーラーが戦闘不能なら詠唱で蘇生する
RSR,Main,State Macros,Source/EnumDescription,Open a window to use limit break.,リミットブレイク使用ウィンドウを開く
RSR,Main,State Macros,Source/EnumDescription,Indicator for when RSR is intercepting action.,RSRが入力アクションを横取りしている時の表示
RSR,Main,State Macros,Source/EnumDescription,This mode is managed by the Autoduty plugin,このモードはAutoDutyプラグインによって管理されます
RSR,Main,State Macros,Source/EnumDescription,"This mode is managed by the Henchman plugin, or any other plugin that requires RSR just do rotation and not targetting.",このモードはHenchmanなど、RSRにターゲット選択をさせずスキル回しだけを行わせるプラグインによって管理されます
RSR,Main,State Macros,Source/EnumDescription,Optional mode for PvP specific activities.,PvP向けのオプションモード
RSR,Main,State Macros,Source/EnumDescription,Open the settings.,設定を開く
RSR,Main,State Macros,Source/EnumDescription,Open the rotations.,ローテーション設定を開く
RSR,Main,State Macros,Source/EnumDescription,Open the duty rotations.,コンテンツ用ローテーションを開く
RSR,Main,State Macros,Source/EnumDescription,Perform the actions.,アクションを実行
RSR,Main,State Macros,Source/EnumDescription,Toggle the actions.,アクションのON/OFFを切り替え
RSR,Auto,Healing Usage and Control,Source/EnumDescription,Raise only party members.,PTメンバーのみ蘇生する
RSR,Auto,Healing Usage and Control,Source/EnumDescription,Raise party members and alliance supports.,PTメンバーとアライアンスのサポート役を蘇生
RSR,Auto,Healing Usage and Control,Source/EnumDescription,Raise party members and alliance healers.,PTメンバーとアライアンスのヒーラーを蘇生
RSR,Auto,Healing Usage and Control,Source/EnumDescription,Raise All In Duty.,コンテンツ内の蘇生可能な対象をすべて蘇生
RSR,Auto,Healing Usage and Control,Source/EnumDescription,Raise All.,蘇生可能な対象をすべて蘇生
RSR,Auto,Healing Usage and Control,Source/EnumDescription,Raise only party healers.,PT内のヒーラーのみ蘇生
RSR,Target,Configuration,Source/EnumDescription,Only attack targets in your parties enemy list,PTメンバーの敵リストにいる対象のみ攻撃
RSR,Target,Configuration,Source/EnumDescription,"All targets when solo, or only attack targets in your parties enemy list",ソロ時は全敵、PT時はPTメンバーの敵リストにいる対象のみ攻撃
RSR,Target,Configuration,Source/EnumDescription,"All targets when solo in duty, or only attack targets in your parties enemy list",コンテンツ内ソロ時は全敵、それ以外はPTメンバーの敵リストにいる対象のみ攻撃
RSR,Target,Configuration,Source/EnumDescription,High HP,HPが高い順
RSR,Target,Configuration,Source/EnumDescription,Low HP,HPが低い順
RSR,Target,Configuration,Source/EnumDescription,High HP%,HP％が高い順
RSR,Target,Configuration,Source/EnumDescription,Low HP%,HP％が低い順
RSR,Target,Configuration,Source/EnumDescription,High Max HP,最大HPが高い順
RSR,Target,Configuration,Source/EnumDescription,Low Max HP,最大HPが低い順
RSR,Target,Configuration,Source/EnumDescription,Focus Healers in PvP,PvPではヒーラーを優先
RSR,Target,Configuration,Source/EnumDescription,Focus Tanks in PvP,PvPではタンクを優先
RSR,Target,Configuration,Source/EnumDescription,Focus DPS in PvP,PvPではDPSを優先
RSR,Auto,,Source/EnumDescription,Do not use Gemdraughts/Tinctures/Pots,薬品を使用しない
RSR,Auto,,Source/EnumDescription,Use Gemdraughts/Tinctures/Pots in High-End Duties,高難度コンテンツで薬品を使用
RSR,Auto,,Source/EnumDescription,Use Gemdraughts/Tinctures/Pots Anywhere,どこでも薬品を使用
RSR,Auto,Healing Usage and Control,Source/EnumDescription,Do not hard cast Raise,迅速魔なしでは蘇生を詠唱しない
RSR,Main,,Text/RenderTextWrapped,Game version: 7.3,ゲームバージョン：7.3
RSR,MCH,,Text/RenderTextWrapped,"Kill it with kindness. And if that fails, kill it with sharp sticks or knives...or guns!",優しさで仕留めろ。それでダメなら、尖った棒かナイフ……あるいは銃で仕留めろ！
RSR,Main,,Text/RenderTextWrapped,Tip: Special thanks to supporter: catfourteen!,ヒント：サポーターの catfourteen さんに特別な感謝！
